{"ContentRoots":["/__w/scepman/scepman/source/Scepman.Server/wwwroot/"],"Root":{"Children":{"assets":{"Children":{"css":{"Children":{"docs.min.css":{"Children":null,"Asset":{"ContentRootIndex":0,"SubPath":"assets/css/docs.min.css"},"Patterns":null},"style.css":{"Children":null,"Asset":{"ContentRootIndex":0,"SubPath":"assets/css/style.css"},"Patterns":null},"theme.min.css":{"Children":null,"Asset":{"ContentRootIndex":0,"SubPath":"assets/css/theme.min.css"},"Patterns":null}},"Asset":null,"Patterns":null}},"Asset":null,"Patterns":null},"images":{"Children":{"favicon.ico":{"Children":null,"Asset":{"ContentRootIndex":0,"SubPath":"images/favicon.ico"},"Patterns":null}},"Asset":null,"Patterns":null},"lib":{"Children":{"@openfonts":{"Children":{"open-sans_all":{"Children":{"files-last-modified.json":{"Children":null,"Asset":{"ContentRootIndex":0,"SubPath":"lib/@openfonts/open-sans_all/files-last-modified.json"},"Patterns":null},"files":{"Children":{"open-sans-all-300-italic.woff":{"Children":null,"Asset":{"ContentRootIndex":0,"SubPath":"lib/@openfonts/open-sans_all/files/open-sans-all-300-italic.woff"},"Patterns":null},"open-sans-all-300-italic.woff2":{"Children":null,"Asset":{"ContentRootIndex":0,"SubPath":"lib/@openfonts/open-sans_all/files/open-sans-all-300-italic.woff2"},"Patterns":null},"open-sans-all-300.woff":{"Children":null,"Asset":{"ContentRootIndex":0,"SubPath":"lib/@openfonts/open-sans_all/files/open-sans-all-300.woff"},"Patterns":null},"open-sans-all-300.woff2":{"Children":null,"Asset":{"ContentRootIndex":0,"SubPath":"lib/@openfonts/open-sans_all/files/open-sans-all-300.woff2"},"Patterns":null},"open-sans-all-400-italic.woff":{"Children":null,"Asset":{"ContentRootIndex":0,"SubPath":"lib/@openfonts/open-sans_all/files/open-sans-all-400-italic.woff"},"Patterns":null},"open-sans-all-400-italic.woff2":{"Children":null,"Asset":{"ContentRootIndex":0,"SubPath":"lib/@openfonts/open-sans_all/files/open-sans-all-400-italic.woff2"},"Patterns":null},"open-sans-all-400.woff":{"Children":null,"Asset":{"ContentRootIndex":0,"SubPath":"lib/@openfonts/open-sans_all/files/open-sans-all-400.woff"},"Patterns":null},"open-sans-all-400.woff2":{"Children":null,"Asset":{"ContentRootIndex":0,"SubPath":"lib/@openfonts/open-sans_all/files/open-sans-all-400.woff2"},"Patterns":null},"open-sans-all-600-italic.woff":{"Children":null,"Asset":{"ContentRootIndex":0,"SubPath":"lib/@openfonts/open-sans_all/files/open-sans-all-600-italic.woff"},"Patterns":null},"open-sans-all-600-italic.woff2":{"Children":null,"Asset":{"ContentRootIndex":0,"SubPath":"lib/@openfonts/open-sans_all/files/open-sans-all-600-italic.woff2"},"Patterns":null},"open-sans-all-600.woff":{"Children":null,"Asset":{"ContentRootIndex":0,"SubPath":"lib/@openfonts/open-sans_all/files/open-sans-all-600.woff"},"Patterns":null},"open-sans-all-600.woff2":{"Children":null,"Asset":{"ContentRootIndex":0,"SubPath":"lib/@openfonts/open-sans_all/files/open-sans-all-600.woff2"},"Patterns":null},"open-sans-all-700-italic.woff":{"Children":null,"Asset":{"ContentRootIndex":0,"SubPath":"lib/@openfonts/open-sans_all/files/open-sans-all-700-italic.woff"},"Patterns":null},"open-sans-all-700-italic.woff2":{"Children":null,"Asset":{"ContentRootIndex":0,"SubPath":"lib/@openfonts/open-sans_all/files/open-sans-all-700-italic.woff2"},"Patterns":null},"open-sans-all-700.woff":{"Children":null,"Asset":{"ContentRootIndex":0,"SubPath":"lib/@openfonts/open-sans_all/files/open-sans-all-700.woff"},"Patterns":null},"open-sans-all-700.woff2":{"Children":null,"Asset":{"ContentRootIndex":0,"SubPath":"lib/@openfonts/open-sans_all/files/open-sans-all-700.woff2"},"Patterns":null},"open-sans-all-800-italic.woff":{"Children":null,"Asset":{"ContentRootIndex":0,"SubPath":"lib/@openfonts/open-sans_all/files/open-sans-all-800-italic.woff"},"Patterns":null},"open-sans-all-800-italic.woff2":{"Children":null,"Asset":{"ContentRootIndex":0,"SubPath":"lib/@openfonts/open-sans_all/files/open-sans-all-800-italic.woff2"},"Patterns":null},"open-sans-all-800.woff":{"Children":null,"Asset":{"ContentRootIndex":0,"SubPath":"lib/@openfonts/open-sans_all/files/open-sans-all-800.woff"},"Patterns":null},"open-sans-all-800.woff2":{"Children":null,"Asset":{"ContentRootIndex":0,"SubPath":"lib/@openfonts/open-sans_all/files/open-sans-all-800.woff2"},"Patterns":null}},"Asset":null,"Patterns":null},"font-descriptor.json":{"Children":null,"Asset":{"ContentRootIndex":0,"SubPath":"lib/@openfonts/open-sans_all/font-descriptor.json"},"Patterns":null},"index.css":{"Children":null,"Asset":{"ContentRootIndex":0,"SubPath":"lib/@openfonts/open-sans_all/index.css"},"Patterns":null},"package.json":{"Children":null,"Asset":{"ContentRootIndex":0,"SubPath":"lib/@openfonts/open-sans_all/package.json"},"Patterns":null},"README.md":{"Children":null,"Asset":{"ContentRootIndex":0,"SubPath":"lib/@openfonts/open-sans_all/README.md"},"Patterns":null}},"Asset":null,"Patterns":null},"roboto-mono_all":{"Children":{"files-last-modified.json":{"Children":null,"Asset":{"ContentRootIndex":0,"SubPath":"lib/@openfonts/roboto-mono_all/files-last-modified.json"},"Patterns":null},"files":{"Children":{"roboto-mono-all-100-italic.woff":{"Children":null,"Asset":{"ContentRootIndex":0,"SubPath":"lib/@openfonts/roboto-mono_all/files/roboto-mono-all-100-italic.woff"},"Patterns":null},"roboto-mono-all-100-italic.woff2":{"Children":null,"Asset":{"ContentRootIndex":0,"SubPath":"lib/@openfonts/roboto-mono_all/files/roboto-mono-all-100-italic.woff2"},"Patterns":null},"roboto-mono-all-100.woff":{"Children":null,"Asset":{"ContentRootIndex":0,"SubPath":"lib/@openfonts/roboto-mono_all/files/roboto-mono-all-100.woff"},"Patterns":null},"roboto-mono-all-100.woff2":{"Children":null,"Asset":{"ContentRootIndex":0,"SubPath":"lib/@openfonts/roboto-mono_all/files/roboto-mono-all-100.woff2"},"Patterns":null},"roboto-mono-all-300-italic.woff":{"Children":null,"Asset":{"ContentRootIndex":0,"SubPath":"lib/@openfonts/roboto-mono_all/files/roboto-mono-all-300-italic.woff"},"Patterns":null},"roboto-mono-all-300-italic.woff2":{"Children":null,"Asset":{"ContentRootIndex":0,"SubPath":"lib/@openfonts/roboto-mono_all/files/roboto-mono-all-300-italic.woff2"},"Patterns":null},"roboto-mono-all-300.woff":{"Children":null,"Asset":{"ContentRootIndex":0,"SubPath":"lib/@openfonts/roboto-mono_all/files/roboto-mono-all-300.woff"},"Patterns":null},"roboto-mono-all-300.woff2":{"Children":null,"Asset":{"ContentRootIndex":0,"SubPath":"lib/@openfonts/roboto-mono_all/files/roboto-mono-all-300.woff2"},"Patterns":null},"roboto-mono-all-400-italic.woff":{"Children":null,"Asset":{"ContentRootIndex":0,"SubPath":"lib/@openfonts/roboto-mono_all/files/roboto-mono-all-400-italic.woff"},"Patterns":null},"roboto-mono-all-400-italic.woff2":{"Children":null,"Asset":{"ContentRootIndex":0,"SubPath":"lib/@openfonts/roboto-mono_all/files/roboto-mono-all-400-italic.woff2"},"Patterns":null},"roboto-mono-all-400.woff":{"Children":null,"Asset":{"ContentRootIndex":0,"SubPath":"lib/@openfonts/roboto-mono_all/files/roboto-mono-all-400.woff"},"Patterns":null},"roboto-mono-all-400.woff2":{"Children":null,"Asset":{"ContentRootIndex":0,"SubPath":"lib/@openfonts/roboto-mono_all/files/roboto-mono-all-400.woff2"},"Patterns":null},"roboto-mono-all-500-italic.woff":{"Children":null,"Asset":{"ContentRootIndex":0,"SubPath":"lib/@openfonts/roboto-mono_all/files/roboto-mono-all-500-italic.woff"},"Patterns":null},"roboto-mono-all-500-italic.woff2":{"Children":null,"Asset":{"ContentRootIndex":0,"SubPath":"lib/@openfonts/roboto-mono_all/files/roboto-mono-all-500-italic.woff2"},"Patterns":null},"roboto-mono-all-500.woff":{"Children":null,"Asset":{"ContentRootIndex":0,"SubPath":"lib/@openfonts/roboto-mono_all/files/roboto-mono-all-500.woff"},"Patterns":null},"roboto-mono-all-500.woff2":{"Children":null,"Asset":{"ContentRootIndex":0,"SubPath":"lib/@openfonts/roboto-mono_all/files/roboto-mono-all-500.woff2"},"Patterns":null},"roboto-mono-all-700-italic.woff":{"Children":null,"Asset":{"ContentRootIndex":0,"SubPath":"lib/@openfonts/roboto-mono_all/files/roboto-mono-all-700-italic.woff"},"Patterns":null},"roboto-mono-all-700-italic.woff2":{"Children":null,"Asset":{"ContentRootIndex":0,"SubPath":"lib/@openfonts/roboto-mono_all/files/roboto-mono-all-700-italic.woff2"},"Patterns":null},"roboto-mono-all-700.woff":{"Children":null,"Asset":{"ContentRootIndex":0,"SubPath":"lib/@openfonts/roboto-mono_all/files/roboto-mono-all-700.woff"},"Patterns":null},"roboto-mono-all-700.woff2":{"Children":null,"Asset":{"ContentRootIndex":0,"SubPath":"lib/@openfonts/roboto-mono_all/files/roboto-mono-all-700.woff2"},"Patterns":null}},"Asset":null,"Patterns":null},"font-descriptor.json":{"Children":null,"Asset":{"ContentRootIndex":0,"SubPath":"lib/@openfonts/roboto-mono_all/font-descriptor.json"},"Patterns":null},"index.css":{"Children":null,"Asset":{"ContentRootIndex":0,"SubPath":"lib/@openfonts/roboto-mono_all/index.css"},"Patterns":null},"package.json":{"Children":null,"Asset":{"ContentRootIndex":0,"SubPath":"lib/@openfonts/roboto-mono_all/package.json"},"Patterns":null},"README.md":{"Children":null,"Asset":{"ContentRootIndex":0,"SubPath":"lib/@openfonts/roboto-mono_all/README.md"},"Patterns":null}},"Asset":null,"Patterns":null}},"Asset":null,"Patterns":null},"jquery":{"Children":{"core.js":{"Children":null,"Asset":{"ContentRootIndex":0,"SubPath":"lib/jquery/core.js"},"Patterns":null},"jquery.js":{"Children":null,"Asset":{"ContentRootIndex":0,"SubPath":"lib/jquery/jquery.js"},"Patterns":null},"jquery.min.js":{"Children":null,"Asset":{"ContentRootIndex":0,"SubPath":"lib/jquery/jquery.min.js"},"Patterns":null},"jquery.min.map":{"Children":null,"Asset":{"ContentRootIndex":0,"SubPath":"lib/jquery/jquery.min.map"},"Patterns":null},"jquery.slim.js":{"Children":null,"Asset":{"ContentRootIndex":0,"SubPath":"lib/jquery/jquery.slim.js"},"Patterns":null},"jquery.slim.min.js":{"Children":null,"Asset":{"ContentRootIndex":0,"SubPath":"lib/jquery/jquery.slim.min.js"},"Patterns":null},"jquery.slim.min.map":{"Children":null,"Asset":{"ContentRootIndex":0,"SubPath":"lib/jquery/jquery.slim.min.map"},"Patterns":null}},"Asset":null,"Patterns":null}},"Asset":null,"Patterns":null}},"Asset":null,"Patterns":[{"ContentRootIndex":0,"Pattern":"**","Depth":0}]}}